country name,year,population growth,rural population growth,"population, total",population ages 0-14,"population, female",gdp growth,"death rate, crude",population ages 65 and above,"life expectancy at birth, total",rural population,age dependency ratio,"population, male",population ages 15-64,agricultural land,arable land,urban population,net migration,"fertility rate, total","birth rate, crude",adolescent fertility rate
South Sudan,2012,4.37942099501625,4.15347304114157,10701604.0,42.0684814132311,50.483496091571,-46.0821223743007,11.104,2.52515872736654,55.865,81.783,80.4846856385561,49.516503908429,55.4063598594024,45.0966285822797,4.20728957321222,18.217,125766.0,5.197,39.872,109.345
South Sudan,2013,3.70946573244568,3.46706146974011,11106031.0,42.0184672634175,50.450906860166,13.1297311406943,11.136,2.52841901845943,55.751,81.585,80.3325247132484,49.549093139834,55.4531137181231,45.0407877454781,4.14037156014115,18.415,65337.0,5.108,39.27,108.186
South Sudan,2014,0.961085280307357,0.702131656729762,11213284.0,42.7133504014814,50.4698278328944,3.37364847715736,11.493,2.5303826011014,54.973,81.374,82.6274890976773,49.5301721671056,54.7562669974172,44.9849469086766,4.07503600082288,18.626,-471614.0,5.022,38.48,106.343
South Sudan,2015,-0.169451605224622,-0.447568298547841,11194299.0,43.5325765582742,50.5372646130627,-10.7933646271143,11.072,2.53779613454151,55.566,81.148,85.4268247837849,49.4627353869373,53.9296273071843,44.929106071875,4.01603025651575,18.852,-160109.0,4.937,36.325,104.178
