Country Name,Year,"Fertility rate, total","Population, total",Net migration,Arable land,"Birth rate, crude",GDP growth,"Death rate, crude",Population ages 15-64,Population ages 0-14,Agricultural land,Population ages 65 and above,Rural population,Rural population growth,Age dependency ratio,Urban population,Population growth,Adolescent fertility rate,"Life expectancy at birth, total"
Channel Islands,2017,1.466,165215.0,1429.0,19.2929292929293,9.72671972883818,2.57442418152031,8.81275913204007,67.7365856611083,15.074599763944,46.5656565656566,17.1888145749478,69.086,0.931254584601634,47.6316001108023,30.914,0.908389640157369,11.0497237569061,81.331
Channel Islands,2018,1.435,167259.0,2353.0,18.3333333333333,9.66166245164685,2.06644673893601,8.71701971194375,67.8795633093783,15.141876621746,43.2828282828283,16.9785600688756,69.086,1.23035340614728,47.3193288413265,30.914,1.22958532233632,10.7671601615074,81.375
Channel Islands,2019,1.441,169410.0,1566.0,18.3333333333333,9.8341302166342,2.3607446539344,8.54731125671448,68.1651024142613,15.2485095330854,43.2828282828283,16.5863880526533,69.069,1.25301020608317,46.7019977658275,30.931,1.27783031331199,10.5877268798617,81.39
Channel Islands,2020,1.447,171113.0,1362.0,18.3333333333333,10.0109284507898,-8.46759731706375,8.47393243061603,68.3947695229747,15.3054277156841,43.2828282828283,16.2998027613412,69.037,0.95347769438802,46.2104381707567,30.963,1.00023446187106,10.7606287583078,81.264
Channel Islands,2021,1.457,172683.0,1242.0,18.3333333333333,10.1168036228233,15.455211303251,8.44900771934701,68.5108884172489,15.2594196897793,43.2828282828283,16.2296918929718,68.988,0.842954979251165,45.9617774096207,31.012,0.913338674061597,11.0301769,81.232
