country name,year,population growth,rural population growth,"population, total",population ages 0-14,gdp growth,"death rate, crude",population ages 65 and above,"life expectancy at birth, total",rural population,age dependency ratio,population ages 15-64,agricultural land,arable land,urban population,net migration,"fertility rate, total","birth rate, crude",adolescent fertility rate
Channel Islands,2017,0.908389640157369,0.931254584601634,165215.0,15.074599763944,2.57442418152031,8.81275913204007,17.1888145749478,81.331,69.086,47.6316001108023,67.7365856611083,46.5656565656566,19.2929292929293,30.914,1429.0,1.466,9.72671972883818,11.0497237569061
Channel Islands,2018,1.22958532233632,1.23035340614728,167259.0,15.141876621746,2.06644673893601,8.71701971194375,16.9785600688756,81.375,69.086,47.3193288413265,67.8795633093783,43.2828282828283,18.3333333333333,30.914,2353.0,1.435,9.66166245164685,10.7671601615074
Channel Islands,2019,1.27783031331199,1.25301020608317,169410.0,15.2485095330854,2.3607446539344,8.54731125671448,16.5863880526533,81.39,69.069,46.7019977658275,68.1651024142613,43.2828282828283,18.3333333333333,30.931,1566.0,1.441,9.8341302166342,10.5877268798617
Channel Islands,2020,1.00023446187106,0.95347769438802,171113.0,15.3054277156841,-8.46759731706375,8.47393243061603,16.2998027613412,81.264,69.037,46.2104381707567,68.3947695229747,43.2828282828283,18.3333333333333,30.963,1362.0,1.447,10.0109284507898,10.7606287583078
Channel Islands,2021,0.913338674061597,0.842954979251165,172683.0,15.2594196897793,15.455211303251,8.44900771934701,16.2296918929718,81.232,68.988,45.9617774096207,68.5108884172489,43.2828282828283,18.3333333333333,31.012,1242.0,1.457,10.1168036228233,11.0301769
