country name,year,"fertility rate, total","population, total",net migration,arable land,"birth rate, crude",gdp growth,"death rate, crude",population ages 15-64,population ages 0-14,agricultural land,population ages 65 and above,rural population,rural population growth,age dependency ratio,urban population,population growth,adolescent fertility rate,"life expectancy at birth, total"
Djibouti,2014,3.112,989087.0,1900.0,0.0862812769628991,24.207,7.06154324233921,8.672,61.5508350381893,34.3906726054799,73.4598792062122,4.05849235633082,22.686,1.36317817722398,62.4674149256477,77.314,1.7680638456514,23.599,61.641
Djibouti,2015,3.066,1006259.0,1723.0,0.0862812769628991,23.889,7.52610891881017,8.598,61.9716693217154,33.8811876465204,73.4598792062122,4.14714303176419,22.583,1.26610596441409,61.3639279276968,77.417,1.72124773942831,23.267,61.957
Djibouti,2016,3.011,1023261.0,1623.0,0.0862812769628991,23.516,7.1234323372872,8.568,62.4426405175999,33.338789742407,73.4598792062122,4.21856973999315,22.472,1.18289180835572,60.1470222286216,77.528,1.67550925836571,23.038,62.191
Djibouti,2017,2.972,1040233.0,1535.0,0.0862812769628991,23.276,5.458091517212,8.37,62.9476102698195,32.7723369535176,73.4598792062122,4.28005277666291,22.352,1.10972898563646,58.8623736641,77.648,1.64501401282776,22.961,62.797
Djibouti,2018,2.929,1057198.0,1435.0,0.0862812769628991,22.982,4.7744168883374,8.347,63.4542914383115,32.2045160887554,73.4598792062122,4.34119247293317,22.223,1.03882813497949,57.5937856829816,77.777,1.61772854346232,22.629,63.038
Djibouti,2019,2.891,1073994.0,1322.0,0.0862812769628991,22.748,5.5451305999467,8.421,63.9254967904849,31.6695903329069,73.4641932700604,4.40491287660825,22.085,0.953552094942014,56.4322502461562,77.915,1.57623975223144,22.716,63.085
Djibouti,2020,2.848,1090156.0,744.0,0.129421915444349,22.477,1.31636324158444,8.821,64.3514322720785,31.1910864133207,73.5073339085419,4.45748131460085,21.938,0.825448163330255,55.396839198838,78.062,1.49363957876332,22.776,62.694
Djibouti,2021,2.804,1105557.0,742.0,0.129421915444349,22.205,4.52234774643702,9.147,64.7338559957307,30.7706745239393,73.5073339085419,4.49546948033006,21.783,0.693780244827467,54.4786004722847,78.217,1.40284750995694,22.722,62.305
