metric,value
mae,11864.340056484063
mse,2516268177.1801558
rmse,12396.447000786402
r2,-31.718209138609364
