metric,value
mae,9339.196181241432
mse,1595675768.4115846
rmse,9983.179722518666
r2,-17.69327702577469
