metric,value
mae,4154.456224402905
mse,375091257.55783767
rmse,4757.922959532431
r2,-8.766833007006186
