metric,value
mae,12473.576888975409
mse,2768198219.1855483
rmse,12965.167841184437
r2,-32.63929542969646
