metric,value
mae,1.4097760125694694
mse,5.491544019792356
rmse,1.5814625587628537
r2,-6.741795368717544
