metric,value
mae,1.6330905766586659
mse,7.544663940352336
rmse,1.8161537608736869
r2,-5.514430174680927
